{"schemaVersion":"1.0","appDefinitionTemplate":{"id":"/providers/Microsoft.PowerApps/apps/","type":"Microsoft.PowerApps/apps","tags":{"primaryDeviceWidth":"640","primaryDeviceHeight":"1136","sienaVersion":"20200914T125416Z-3.20085.19.0","deviceCapabilities":"","supportsPortrait":"true","supportsLandscape":"false","primaryFormFactor":"Phone","publisherVersion":"3.20085.19","minimumRequiredApiVersion":"2.2.0","hasComponent":"false","hasUnlockedComponent":"false","isUnifiedRootApp":"false"},"properties":{"appVersion":"2020-09-14T12:54:16Z","lifeCycleId":"Published","createdByClientVersion":{"major":3,"minor":20085,"build":19,"revision":0,"majorRevision":0,"minorRevision":0},"minClientVersion":{"major":3,"minor":20085,"build":19,"revision":0,"majorRevision":0,"minorRevision":0},"backgroundColor":"rgba(142, 140, 216, 1)","backgroundImageUri":"/1940375449168968959/Nb4e4aa91-4397-4e1a-aa0d-2e9fe14853ac-logoSmallFile","displayName":"OneStepForwards","description":"This is the app for all Chinese international student in Melbourne, Victoria or even all over Australi! Came in to share your stories, questions, and meet new friends.\nJust one step forwards to independent women!","commitMessage":"","appUris":{"documentUri":{"value":"/1940375449168968959/Ne58fc024-a408-47fb-af5f-226ed04e198d-document.msapp","readonlyValue":"/1940375449168968959/Ne58fc024-a408-47fb-af5f-226ed04e198d-document.msapp"},"imageUris":[]},"createdTime":"0001-01-01T00:00:00Z","lastModifiedTime":"0001-01-01T00:00:00Z","sharedGroupsCount":0,"sharedUsersCount":0,"icons":{"smallIconUri":"/1940375449168968959/Na7c2b560-1e60-48d5-9a09-090803cd6422-small.png","mediumIconUri":"/1940375449168968959/Nd8d3f475-ca3f-4609-9709-5206d71f61d5-medium.png","largeIconUri":"/1940375449168968959/N5dbf1e9f-8de3-449e-a8c7-52654efe8f45-large.png","wideIconUri":"/1940375449168968959/N8533cfed-266b-4c43-a33f-69eb9c5a43f1-wide.png"},"connectionReferences":{"fb010fab-8315-4882-9efa-6110456c5ecb":{"id":"ebf122e5-ccf5-44d5-99d8-b2b528eaa09b","displayName":"Excel","iconUri":"https://connectoricons-prod.azureedge.net/excel/icon_1.0.1352.2014.png","dataSources":["Table2","FlooringEstimates","Table2_1","FlooringEstimates_1","FlooringEstimates_2"],"dependencies":["eb7c611e-5796-41a9-93b6-2529079f998d"],"dependents":[],"parameterHints":{"eb7c611e-5796-41a9-93b6-2529079f998d":{"value":"fileSource"}},"isOnPremiseConnection":false,"bypassConsent":false,"dataSets":{"b!Uz6kiE8_HUyWtjDa4wkTWRaH_7vadedAuVckKim2utaWy5iHR1WxQbIrqB25FvD5.01Z5MF23TRANIXC3DWIJCYMLUE6JWZZORV":{"dataSources":{"Table2":{"tableName":"Table2"},"Table2_1":{"tableName":"Table2"}}},"b!Uz6kiE8_HUyWtjDa4wkTWRaH_7vadedAuVckKim2utaWy5iHR1WxQbIrqB25FvD5.01Z5MF23XJQJ5BH62VVZHLEDXHPRCHRABB":{"dataSources":{"FlooringEstimates":{"tableName":"FlooringEstimates"}}},"b!Uz6kiE8_HUyWtjDa4wkTWRaH_7vadedAuVckKim2utaWy5iHR1WxQbIrqB25FvD5.01Z5MF23TCXDAN6OQHRZHKGBE6YRV2VXHP":{"dataSources":{"FlooringEstimates_1":{"tableName":"FlooringEstimates"}}},"b!Uz6kiE8_HUyWtjDa4wkTWRaH_7vadedAuVckKim2utaWy5iHR1WxQbIrqB25FvD5.01Z5MF23RCEAQUDIZG6VA2S63TKUYCNRVY":{"dataSources":{"FlooringEstimates_2":{"tableName":"FlooringEstimates"}}}},"apiTier":"Standard","isCustomApiConnection":false},"eb7c611e-5796-41a9-93b6-2529079f998d":{"id":"6922c416-32b6-49e7-848c-47613c12bcf9","displayName":"OneDrive for Business","iconUri":"https://connectoricons-prod.azureedge.net/onedriveforbusiness/icon_1.0.1341.1987.png","dataSources":[],"dependencies":[],"dependents":["fb010fab-8315-4882-9efa-6110456c5ecb"],"parameterHints":{},"isOnPremiseConnection":false,"bypassConsent":false,"dataSets":{},"apiTier":"Standard","isCustomApiConnection":false}},"databaseReferences":{"default.cds":{"databaseDetails":{"referenceType":"Environmental","environmentName":"default.cds"},"dataSources":{"Booking Alert Statuses":{"entitySetName":"msdyn_bookingalertstatuses","logicalName":"msdyn_bookingalertstatus"},"Accounts":{"entitySetName":"accounts","logicalName":"account"}}}},"almMode":"Environment","performanceOptimizationEnabled":true,"canConsumeAppPass":true},"isAppComponentLibrary":false,"appType":"ClassicCanvasApp","appComponents":[]}}